{"cameraMode":{"drawMode":0,"name":"Shaded","section":"Shading Mode"},"sceneLighting":true,"audioPlay":false,"sceneViewState":{"showFog":true,"showMaterialUpdate":false,"showSkybox":true,"showFlares":true,"showImageEffects":true,"showParticleSystems":true},"in2DMode":false,"pivot":{"x":3.8783631324768068,"y":2.492178440093994,"z":4.849883079528809},"rotation":{"x":-0.2679961919784546,"y":0.17989790439605714,"z":-0.05101211741566658,"w":-0.9451029896736145},"size":168.3531036376953,"orthographic":false}