{"cameraMode":{"drawMode":0,"name":"Shaded","section":"Shading Mode"},"sceneLighting":false,"audioPlay":false,"sceneViewState":{"showFog":true,"showMaterialUpdate":false,"showSkybox":false,"showFlares":true,"showImageEffects":true,"showParticleSystems":true},"in2DMode":false,"pivot":{"x":1.7985107898712159,"y":29.111221313476564,"z":-26.031145095825197},"rotation":{"x":-0.41078120470046999,"y":0.0005446192808449268,"z":-0.0002448443556204438,"w":-0.9117367267608643},"size":15.520513534545899,"orthographic":false}