{"cameraMode":{"drawMode":0,"name":"Shaded","section":"Shading Mode"},"sceneLighting":true,"audioPlay":false,"sceneViewState":{"showFog":true,"showMaterialUpdate":false,"showSkybox":true,"showFlares":true,"showImageEffects":true,"showParticleSystems":true},"in2DMode":false,"pivot":{"x":0.016544312238693239,"y":0.2478344440460205,"z":-0.35275983810424807},"rotation":{"x":-0.13631311058998109,"y":0.03179185837507248,"z":-0.004376356955617666,"w":-0.9901480078697205},"size":5.740190505981445,"orthographic":false}